Temperature (K),Pressure (MPa),Density (kg/m3),Volume (m3/kg),Internal Energy (kJ/kg),Enthalpy (kJ/kg),Entropy (J/g*K),Cv (J/g*K),Cp (J/g*K),Sound Spd. (m/s),Joule-Thomson (K/MPa),Viscosity (Pa*s),Therm. Cond. (W/m*K),Phase
273.16,12.75,1006.2,0.00099385,0.19344,12.865,0.00056091,4.1602,4.1605,1422.9,-0.24024,0.0017645,0.56504,liquid
276.04,12.75,1006.2,0.00099386,12.161,24.833,0.044144,4.156,4.1563,1436.9,-0.23759,0.0016044,0.57174,liquid
278.92,12.75,1006.1,0.00099398,24.117,36.79,0.087238,4.1507,4.1531,1450.1,-0.23509,0.0014663,0.57808,liquid
281.79,12.75,1005.8,0.00099422,36.063,48.739,0.12986,4.1445,4.1506,1462.4,-0.23272,0.0013464,0.58411,liquid
284.67,12.75,1005.5,0.00099456,48.002,60.682,0.17203,4.1375,4.1489,1473.8,-0.23047,0.0012414,0.58984,liquid
287.55,12.75,1005,0.00099499,59.935,72.621,0.21375,4.1298,4.1476,1484.5,-0.22832,0.001149,0.59532,liquid
290.43,12.75,1004.5,0.00099552,71.864,84.557,0.25506,4.1215,4.1468,1494.5,-0.22626,0.0010672,0.60055,liquid
293.31,12.75,1003.9,0.00099613,83.791,96.491,0.29595,4.1126,4.1464,1503.8,-0.22428,0.00099432,0.60557,liquid
296.18,12.75,1003.2,0.00099681,95.715,108.42,0.33643,4.1032,4.1462,1512.4,-0.22236,0.00092917,0.61038,liquid
299.06,12.75,1002.4,0.00099758,107.64,120.36,0.37653,4.0932,4.1464,1520.3,-0.22051,0.00087063,0.61499,liquid
301.94,12.75,1001.6,0.00099842,119.56,132.29,0.41624,4.0828,4.1467,1527.7,-0.21871,0.00081782,0.61942,liquid
304.82,12.75,1000.7,0.00099932,131.49,144.23,0.45558,4.072,4.1472,1534.4,-0.21696,0.00077,0.62368,liquid
307.7,12.75,999.71,0.0010003,143.41,156.16,0.49456,4.0607,4.1479,1540.6,-0.21525,0.00072656,0.62777,liquid
310.57,12.75,998.67,0.0010013,155.34,168.1,0.53318,4.0491,4.1487,1546.2,-0.21358,0.00068696,0.63171,liquid
313.45,12.75,997.58,0.0010024,167.26,180.04,0.57145,4.0372,4.1496,1551.4,-0.21194,0.00065075,0.63548,liquid
316.33,12.75,996.42,0.0010036,179.19,191.99,0.60938,4.0249,4.1506,1556,-0.21034,0.00061756,0.63911,liquid
319.21,12.75,995.22,0.0010048,191.12,203.94,0.64698,4.0123,4.1516,1560.2,-0.20875,0.00058705,0.6426,liquid
322.09,12.75,993.96,0.0010061,203.06,215.89,0.68425,3.9995,4.1528,1563.9,-0.20719,0.00055894,0.64594,liquid
324.97,12.75,992.65,0.0010074,214.99,227.84,0.7212,3.9864,4.154,1567.1,-0.20565,0.00053297,0.64914,liquid
327.84,12.75,991.28,0.0010088,226.93,239.8,0.75783,3.9731,4.1553,1570,-0.20412,0.00050895,0.65221,liquid
330.72,12.75,989.88,0.0010102,238.88,251.76,0.79416,3.9596,4.1566,1572.4,-0.20261,0.00048666,0.65515,liquid
333.6,12.75,988.42,0.0010117,250.82,263.72,0.83018,3.9459,4.1581,1574.5,-0.20111,0.00046596,0.65796,liquid
336.48,12.75,986.92,0.0010133,262.77,275.69,0.86591,3.932,4.1596,1576.2,-0.19961,0.00044669,0.66064,liquid
339.36,12.75,985.37,0.0010148,274.73,287.67,0.90134,3.918,4.1612,1577.5,-0.19812,0.00042873,0.66319,liquid
342.23,12.75,983.78,0.0010165,286.68,299.64,0.93649,3.9039,4.1628,1578.5,-0.19663,0.00041195,0.66562,liquid
345.11,12.75,982.15,0.0010182,298.65,311.63,0.97136,3.8897,4.1646,1579.1,-0.19514,0.00039626,0.66793,liquid
347.99,12.75,980.47,0.0010199,310.61,323.62,1.006,3.8754,4.1664,1579.4,-0.19365,0.00038156,0.67011,liquid
350.87,12.75,978.76,0.0010217,322.58,335.61,1.0403,3.861,4.1684,1579.4,-0.19215,0.00036777,0.67218,liquid
353.75,12.75,977.01,0.0010235,334.56,347.61,1.0743,3.8466,4.1704,1579.1,-0.19065,0.00035483,0.67413,liquid
356.62,12.75,975.21,0.0010254,346.54,359.62,1.1081,3.8321,4.1726,1578.6,-0.18914,0.00034265,0.67596,liquid
359.5,12.75,973.38,0.0010273,358.53,371.63,1.1417,3.8176,4.1749,1577.7,-0.18762,0.00033119,0.67768,liquid
362.38,12.75,971.51,0.0010293,370.52,383.65,1.175,3.8031,4.1773,1576.5,-0.18609,0.00032038,0.67929,liquid
365.26,12.75,969.6,0.0010314,382.52,395.67,1.208,3.7886,4.1799,1575.1,-0.18454,0.00031018,0.68079,liquid
368.14,12.75,967.66,0.0010334,394.53,407.71,1.2409,3.7742,4.1825,1573.4,-0.18298,0.00030054,0.68217,liquid
371.01,12.75,965.68,0.0010355,406.55,419.75,1.2734,3.7597,4.1854,1571.5,-0.18141,0.00029143,0.68345,liquid
373.89,12.75,963.66,0.0010377,418.57,431.8,1.3058,3.7453,4.1883,1569.3,-0.17981,0.0002828,0.68462,liquid
376.77,12.75,961.61,0.0010399,430.6,443.86,1.3379,3.731,4.1915,1566.9,-0.17819,0.00027463,0.68569,liquid
379.65,12.75,959.52,0.0010422,442.64,455.93,1.3698,3.7167,4.1948,1564.2,-0.17656,0.00026687,0.68665,liquid
382.53,12.75,957.4,0.0010445,454.69,468,1.4015,3.7024,4.1983,1561.3,-0.17489,0.00025951,0.6875,liquid
385.4,12.75,955.24,0.0010469,466.75,480.09,1.433,3.6883,4.2019,1558.2,-0.17321,0.00025252,0.68826,liquid
388.28,12.75,953.05,0.0010493,478.81,492.19,1.4643,3.6742,4.2058,1554.9,-0.17149,0.00024586,0.68891,liquid
391.16,12.75,950.83,0.0010517,490.89,504.3,1.4954,3.6602,4.2098,1551.3,-0.16975,0.00023953,0.68946,liquid
394.04,12.75,948.57,0.0010542,502.98,516.42,1.5262,3.6463,4.214,1547.5,-0.16798,0.0002335,0.68992,liquid
396.92,12.75,946.27,0.0010568,515.08,528.56,1.5569,3.6325,4.2184,1543.6,-0.16617,0.00022775,0.69028,liquid
399.79,12.75,943.95,0.0010594,527.2,540.71,1.5874,3.6188,4.2231,1539.4,-0.16433,0.00022226,0.69054,liquid
402.67,12.75,941.59,0.001062,539.33,552.87,1.6177,3.6052,4.2279,1535,-0.16246,0.00021702,0.69071,liquid
405.55,12.75,939.19,0.0010647,551.47,565.04,1.6479,3.5917,4.233,1530.5,-0.16054,0.00021201,0.69079,liquid
408.43,12.75,936.76,0.0010675,563.62,577.23,1.6778,3.5783,4.2383,1525.7,-0.15859,0.00020722,0.69077,liquid
411.31,12.75,934.3,0.0010703,575.79,589.44,1.7076,3.5651,4.2438,1520.7,-0.1566,0.00020264,0.69066,liquid
414.19,12.75,931.81,0.0010732,587.98,601.66,1.7372,3.5519,4.2496,1515.6,-0.15457,0.00019825,0.69046,liquid
417.06,12.75,929.28,0.0010761,600.18,613.9,1.7666,3.5389,4.2556,1510.2,-0.15248,0.00019405,0.69017,liquid
419.94,12.75,926.72,0.0010791,612.4,626.16,1.7959,3.526,4.2619,1504.7,-0.15036,0.00019001,0.6898,liquid
422.82,12.75,924.12,0.0010821,624.63,638.43,1.8251,3.5132,4.2684,1499,-0.14818,0.00018615,0.68933,liquid
425.7,12.75,921.49,0.0010852,636.89,650.73,1.854,3.5006,4.2752,1493.2,-0.14595,0.00018243,0.68878,liquid
428.58,12.75,918.82,0.0010883,649.16,663.04,1.8829,3.4881,4.2823,1487.1,-0.14367,0.00017886,0.68815,liquid
431.45,12.75,916.12,0.0010916,661.46,675.38,1.9116,3.4757,4.2897,1480.9,-0.14133,0.00017543,0.68743,liquid
434.33,12.75,913.39,0.0010948,673.77,687.73,1.9401,3.4634,4.2973,1474.5,-0.13894,0.00017213,0.68662,liquid
437.21,12.75,910.62,0.0010982,686.11,700.11,1.9685,3.4513,4.3053,1467.9,-0.13648,0.00016895,0.68574,liquid
440.09,12.75,907.82,0.0011015,698.47,712.52,1.9968,3.4393,4.3136,1461.1,-0.13396,0.00016588,0.68503,liquid
442.97,12.75,904.97,0.001105,710.85,724.94,2.0249,3.4274,4.3222,1454.2,-0.13137,0.00016293,0.6841,liquid
445.84,12.75,902.1,0.0011085,723.26,737.39,2.053,3.4157,4.3311,1447.1,-0.12871,0.00016009,0.68306,liquid
448.72,12.75,899.18,0.0011121,735.69,749.87,2.0809,3.4041,4.3404,1439.9,-0.12598,0.00015734,0.68194,liquid
451.6,12.75,896.23,0.0011158,748.15,762.38,2.1086,3.3926,4.3501,1432.5,-0.12317,0.00015469,0.68073,liquid
454.48,12.75,893.25,0.0011195,760.64,774.91,2.1363,3.3813,4.3601,1424.9,-0.12028,0.00015212,0.67945,liquid
457.36,12.75,890.22,0.0011233,773.15,787.48,2.1639,3.3701,4.3705,1417.1,-0.11731,0.00014965,0.67808,liquid
460.23,12.75,887.16,0.0011272,785.7,800.07,2.1913,3.359,4.3813,1409.2,-0.11425,0.00014725,0.67663,liquid
463.11,12.75,884.05,0.0011312,798.27,812.7,2.2187,3.348,4.3925,1401.1,-0.1111,0.00014493,0.67511,liquid
465.99,12.75,880.91,0.0011352,810.88,825.35,2.2459,3.3372,4.4041,1392.8,-0.10786,0.00014268,0.67351,liquid
468.87,12.75,877.72,0.0011393,823.52,838.05,2.2731,3.3265,4.4162,1384.4,-0.10451,0.0001405,0.67183,liquid
471.75,12.75,874.5,0.0011435,836.2,850.78,2.3001,3.316,4.4287,1375.8,-0.10106,0.00013839,0.67008,liquid
474.62,12.75,871.23,0.0011478,848.91,863.54,2.3271,3.3056,4.4418,1367.1,-0.097504,0.00013634,0.66825,liquid
477.5,12.75,867.92,0.0011522,861.65,876.34,2.354,3.2953,4.4553,1358.2,-0.093829,0.00013435,0.66635,liquid
480.38,12.75,864.56,0.0011567,874.44,889.19,2.3808,3.2851,4.4694,1349.1,-0.090033,0.00013241,0.66437,liquid
483.26,12.75,861.16,0.0011612,887.26,902.07,2.4075,3.2751,4.484,1339.8,-0.086109,0.00013053,0.66233,liquid
486.14,12.75,857.72,0.0011659,900.13,915,2.4342,3.2652,4.4992,1330.4,-0.082051,0.0001287,0.6602,liquid
489.01,12.75,854.22,0.0011707,913.04,927.97,2.4608,3.2555,4.515,1320.8,-0.077853,0.00012692,0.65801,liquid
491.89,12.75,850.68,0.0011755,926,940.99,2.4874,3.2459,4.5314,1311,-0.073506,0.00012519,0.65574,liquid
494.77,12.75,847.09,0.0011805,939,954.05,2.5138,3.2364,4.5485,1301.1,-0.069002,0.0001235,0.6534,liquid
497.65,12.75,843.44,0.0011856,952.05,967.17,2.5403,3.227,4.5663,1291,-0.064333,0.00012185,0.65099,liquid
500.53,12.75,839.75,0.0011908,965.15,980.34,2.5667,3.2178,4.5848,1280.7,-0.05949,0.00012024,0.6485,liquid
503.41,12.75,836,0.0011962,978.31,993.56,2.593,3.2087,4.6041,1270.2,-0.054463,0.00011867,0.64594,liquid
506.28,12.75,832.19,0.0012016,991.52,1006.8,2.6193,3.1998,4.6243,1259.6,-0.049241,0.00011713,0.64331,liquid
509.16,12.75,828.33,0.0012072,1004.8,1020.2,2.6456,3.191,4.6453,1248.8,-0.043811,0.00011562,0.6406,liquid
512.04,12.75,824.41,0.001213,1018.1,1033.6,2.6718,3.1824,4.6673,1237.7,-0.038163,0.00011415,0.63782,liquid
514.92,12.75,820.42,0.0012189,1031.5,1047,2.6981,3.1739,4.6902,1226.5,-0.032282,0.00011271,0.63497,liquid
517.8,12.75,816.37,0.0012249,1045,1060.6,2.7243,3.1655,4.7142,1215.1,-0.026153,0.0001113,0.63204,liquid
520.67,12.75,812.26,0.0012311,1058.5,1074.2,2.7505,3.1573,4.7393,1203.5,-0.019759,0.00010991,0.62904,liquid
523.55,12.75,808.08,0.0012375,1072.1,1087.9,2.7767,3.1492,4.7656,1191.7,-0.013085,0.00010855,0.62596,liquid
526.43,12.75,803.82,0.0012441,1085.8,1101.6,2.8029,3.1414,4.7932,1179.7,-0.0061092,0.00010721,0.6228,liquid
529.31,12.75,799.49,0.0012508,1099.5,1115.5,2.8291,3.1336,4.8222,1167.4,0.0011884,0.0001059,0.61957,liquid
532.19,12.75,795.09,0.0012577,1113.3,1129.4,2.8553,3.1261,4.8527,1155,0.0088314,0.0001046,0.61626,liquid
535.06,12.75,790.6,0.0012649,1127.3,1143.4,2.8816,3.1187,4.8848,1142.3,0.016845,0.00010332,0.61287,liquid
537.94,12.75,786.03,0.0012722,1141.3,1157.5,2.9079,3.1115,4.9186,1129.3,0.025259,0.00010206,0.6094,liquid
540.82,12.75,781.37,0.0012798,1155.4,1171.7,2.9342,3.1045,4.9543,1116.2,0.034104,0.00010082,0.60585,liquid
543.7,12.75,776.61,0.0012876,1169.6,1186,2.9606,3.0977,4.9921,1102.7,0.043415,9.96E-05,0.60221,liquid
546.58,12.75,771.76,0.0012957,1183.9,1200.4,2.9871,3.0911,5.0321,1089,0.053231,9.84E-05,0.59849,liquid
549.45,12.75,766.8,0.0013041,1198.4,1215,3.0136,3.0847,5.0745,1075.1,0.063598,9.72E-05,0.59468,liquid
552.33,12.75,761.73,0.0013128,1212.9,1229.6,3.0402,3.0786,5.1197,1060.8,0.074563,9.60E-05,0.59078,liquid
555.21,12.75,756.55,0.0013218,1227.6,1244.5,3.0669,3.0727,5.1679,1046.2,0.086184,9.48E-05,0.58679,liquid
558.09,12.75,751.25,0.0013311,1242.4,1259.4,3.0938,3.0671,5.2194,1031.3,0.098524,9.36E-05,0.58271,liquid
560.97,12.75,745.81,0.0013408,1257.4,1274.5,3.1208,3.0618,5.2746,1016,0.11166,9.24E-05,0.57852,liquid
563.84,12.75,740.23,0.0013509,1272.5,1289.8,3.1479,3.0568,5.3339,1000.4,0.12566,9.13E-05,0.57423,liquid
566.72,12.75,734.5,0.0013615,1287.8,1305.2,3.1752,3.0521,5.3978,984.41,0.14064,9.01E-05,0.56984,liquid
569.6,12.75,728.6,0.0013725,1303.3,1320.8,3.2028,3.0478,5.4671,967.98,0.15671,8.89E-05,0.56533,liquid
572.48,12.75,722.53,0.001384,1319,1336.7,3.2305,3.0439,5.5424,951.1,0.17399,8.78E-05,0.56071,liquid
575.36,12.75,716.27,0.0013961,1334.9,1352.8,3.2585,3.0405,5.6246,933.74,0.19264,8.66E-05,0.55596,liquid
578.24,12.75,709.8,0.0014088,1351.1,1369.1,3.2868,3.0376,5.7148,915.84,0.21285,8.54E-05,0.55109,liquid
581.11,12.75,703.1,0.0014223,1367.5,1385.7,3.3154,3.0353,5.8144,897.36,0.23483,8.42E-05,0.54607,liquid
583.99,12.75,696.14,0.0014365,1384.2,1402.5,3.3444,3.0337,5.925,878.25,0.25886,8.30E-05,0.5409,liquid
586.87,12.75,688.9,0.0014516,1401.3,1419.8,3.3738,3.0329,6.0488,858.42,0.28527,8.18E-05,0.53557,liquid
589.75,12.75,681.34,0.0014677,1418.7,1437.4,3.4038,3.0329,6.1887,837.79,0.31448,8.06E-05,0.53006,liquid
592.63,12.75,673.41,0.001485,1436.5,1455.4,3.4343,3.0341,6.3482,816.25,0.34701,7.93E-05,0.52435,liquid
595.5,12.75,665.07,0.0015036,1454.8,1473.9,3.4654,3.0367,6.5326,793.65,0.38357,7.80E-05,0.51844,liquid
598.38,12.75,656.25,0.0015238,1473.6,1493,3.4975,3.0409,6.7488,769.83,0.42506,7.67E-05,0.51228,liquid
601.26,12.75,646.84,0.001546,1493.1,1512.8,3.5304,3.0472,7.0075,744.51,0.4728,7.53E-05,0.50585,liquid
602.5,12.75,642.6,0.0015562,1501.7,1521.6,3.5449,3.0508,7.1352,733.1,0.49564,7.47E-05,0.503,liquid
602.5,12.75,76.15,0.013132,2501.1,2668.6,5.4487,3.3653,9.6274,454.5,8.4957,2.15E-05,0.096854,vapor
604.14,12.75,74.724,0.013383,2513.2,2683.8,5.474,3.2682,8.9621,459.74,8.4826,2.15E-05,0.094412,vapor
607.02,12.75,72.522,0.013789,2532.4,2708.2,5.5143,3.1295,8.0702,467.94,8.4458,2.17E-05,0.091042,vapor
609.89,12.75,70.608,0.014163,2549.9,2730.5,5.5508,3.0184,7.403,475.21,8.3968,2.18E-05,0.088451,vapor
612.77,12.75,68.913,0.014511,2566,2751,5.5844,2.926,6.8798,481.8,8.3396,2.19E-05,0.086382,vapor
615.65,12.75,67.389,0.014839,2581,2770.2,5.6156,2.8469,6.4554,487.86,8.2767,2.21E-05,0.084685,vapor
618.53,12.75,66.005,0.01515,2595.1,2788.2,5.6449,2.7779,6.1023,493.49,8.2097,2.22E-05,0.083268,vapor
621.41,12.75,64.737,0.015447,2608.4,2805.3,5.6725,2.7167,5.8027,498.76,8.1398,2.23E-05,0.082066,vapor
624.28,12.75,63.566,0.015732,2621.1,2821.7,5.6987,2.6618,5.5444,503.74,8.0678,2.25E-05,0.081036,vapor
627.16,12.75,62.48,0.016005,2633.2,2837.3,5.7237,2.612,5.3189,508.47,7.9943,2.26E-05,0.080146,vapor
630.04,12.75,61.466,0.016269,2644.9,2852.3,5.7476,2.5666,5.1201,512.97,7.9196,2.27E-05,0.079372,vapor
632.92,12.75,60.516,0.016525,2656.1,2866.8,5.7705,2.5249,4.9432,517.27,7.8442,2.29E-05,0.078696,vapor
635.8,12.75,59.622,0.016772,2666.9,2880.8,5.7926,2.4864,4.7846,521.4,7.7682,2.30E-05,0.078104,vapor
638.67,12.75,58.778,0.017013,2677.4,2894.3,5.8138,2.4507,4.6416,525.38,7.6919,2.31E-05,0.077583,vapor
641.55,12.75,57.979,0.017248,2687.6,2907.5,5.8344,2.4176,4.5118,529.21,7.6154,2.33E-05,0.077126,vapor
644.43,12.75,57.22,0.017476,2697.5,2920.3,5.8543,2.3868,4.3936,532.91,7.5388,2.34E-05,0.076724,vapor
647.31,12.75,56.498,0.0177,2707.1,2932.8,5.8737,2.3579,4.2853,536.5,7.4623,2.36E-05,0.076371,vapor
650.19,12.75,55.809,0.017918,2716.5,2945,5.8925,2.331,4.1859,539.97,7.386,2.37E-05,0.076061,vapor
653.06,12.75,55.151,0.018132,2725.7,2956.9,5.9107,2.3057,4.0942,543.35,7.3099,2.38E-05,0.075791,vapor
655.94,12.75,54.52,0.018342,2734.7,2968.6,5.9286,2.2819,4.0094,546.63,7.2341,2.40E-05,0.075557,vapor
658.82,12.75,53.915,0.018548,2743.5,2980,5.9459,2.2596,3.9308,549.82,7.1587,2.41E-05,0.075355,vapor
661.7,12.75,53.334,0.01875,2752.1,2991.2,5.9629,2.2386,3.8577,552.93,7.0837,2.42E-05,0.075182,vapor
664.58,12.75,52.774,0.018949,2760.6,3002.2,5.9795,2.2187,3.7896,555.97,7.0092,2.44E-05,0.075037,vapor
667.46,12.75,52.235,0.019144,2768.9,3013,5.9957,2.2,3.726,558.94,6.9352,2.45E-05,0.074916,vapor
670.33,12.75,51.715,0.019337,2777.1,3023.7,6.0116,2.1824,3.6665,561.84,6.8618,2.46E-05,0.074818,vapor
673.21,12.75,51.213,0.019526,2785.2,3034.1,6.0272,2.1657,3.6107,564.68,6.7889,2.48E-05,0.074741,vapor
676.09,12.75,50.727,0.019713,2793.1,3044.4,6.0425,2.1499,3.5583,567.45,6.7167,2.49E-05,0.074685,vapor
678.97,12.75,50.257,0.019898,2800.9,3054.6,6.0575,2.1349,3.5091,570.18,6.6451,2.50E-05,0.074646,vapor
681.85,12.75,49.802,0.02008,2808.6,3064.6,6.0723,2.1207,3.4627,572.84,6.5742,2.52E-05,0.074625,vapor
684.72,12.75,49.36,0.020259,2816.2,3074.5,6.0868,2.1073,3.4189,575.46,6.5039,2.53E-05,0.07462,vapor
687.6,12.75,48.931,0.020437,2823.8,3084.3,6.101,2.0946,3.3776,578.03,6.4344,2.54E-05,0.07463,vapor
690.48,12.75,48.514,0.020612,2831.2,3094,6.115,2.0825,3.3385,580.56,6.3656,2.55E-05,0.074654,vapor
693.36,12.75,48.109,0.020786,2838.5,3103.5,6.1289,2.071,3.3015,583.04,6.2975,2.57E-05,0.074692,vapor
696.24,12.75,47.715,0.020958,2845.8,3113,6.1425,2.0601,3.2664,585.48,6.2301,2.58E-05,0.074742,vapor
699.11,12.75,47.332,0.021127,2853,3122.3,6.1559,2.0497,3.2331,587.88,6.1635,2.59E-05,0.074805,vapor
701.99,12.75,46.958,0.021296,2860.1,3131.6,6.1691,2.0399,3.2016,590.25,6.0976,2.61E-05,0.074879,vapor
704.87,12.75,46.594,0.021462,2867.1,3140.8,6.1821,2.0305,3.1715,592.57,6.0325,2.62E-05,0.074963,vapor
707.75,12.75,46.238,0.021627,2874.1,3149.9,6.195,2.0216,3.143,594.87,5.9681,2.63E-05,0.075058,vapor
710.63,12.75,45.891,0.021791,2881,3158.9,6.2077,2.0131,3.1158,597.13,5.9045,2.65E-05,0.075163,vapor
713.5,12.75,45.552,0.021953,2887.9,3167.8,6.2202,2.0051,3.0899,599.36,5.8416,2.66E-05,0.075277,vapor
716.38,12.75,45.221,0.022113,2894.7,3176.7,6.2326,1.9974,3.0652,601.56,5.7795,2.67E-05,0.075401,vapor
719.26,12.75,44.898,0.022273,2901.5,3185.4,6.2449,1.9901,3.0416,603.73,5.7182,2.68E-05,0.075532,vapor
722.14,12.75,44.581,0.022431,2908.2,3194.2,6.257,1.9831,3.0191,605.87,5.6576,2.70E-05,0.075672,vapor
725.02,12.75,44.272,0.022588,2914.8,3202.8,6.2689,1.9765,2.9976,607.98,5.5978,2.71E-05,0.07582,vapor
727.89,12.75,43.969,0.022743,2921.4,3211.4,6.2808,1.9702,2.9771,610.07,5.5387,2.72E-05,0.075975,vapor
730.77,12.75,43.672,0.022898,2928,3220,6.2925,1.9642,2.9574,612.13,5.4804,2.73E-05,0.076138,vapor
733.65,12.75,43.381,0.023051,2934.5,3228.4,6.3041,1.9585,2.9386,614.17,5.4228,2.75E-05,0.076307,vapor
736.53,12.75,43.096,0.023204,2941,3236.9,6.3155,1.953,2.9206,616.19,5.3659,2.76E-05,0.076483,vapor
739.41,12.75,42.817,0.023355,2947.5,3245.3,6.3269,1.9478,2.9034,618.18,5.3097,2.77E-05,0.076666,vapor
742.28,12.75,42.543,0.023506,2953.9,3253.6,6.3381,1.9429,2.8868,620.15,5.2543,2.78E-05,0.076855,vapor
745.16,12.75,42.274,0.023655,2960.3,3261.9,6.3493,1.9382,2.871,622.1,5.1996,2.80E-05,0.077049,vapor
748.04,12.75,42.01,0.023804,2966.6,3270.1,6.3603,1.9337,2.8558,624.04,5.1456,2.81E-05,0.07725,vapor
750.92,12.75,41.751,0.023951,2972.9,3278.3,6.3712,1.9294,2.8412,625.95,5.0923,2.82E-05,0.077456,vapor
753.8,12.75,41.497,0.024098,2979.2,3286.5,6.3821,1.9254,2.8271,627.84,5.0397,2.83E-05,0.077667,vapor
756.68,12.75,41.247,0.024244,2985.5,3294.6,6.3928,1.9215,2.8137,629.71,4.9878,2.85E-05,0.077884,vapor
759.55,12.75,41.001,0.02439,2991.7,3302.7,6.4035,1.9179,2.8007,631.57,4.9365,2.86E-05,0.078106,vapor
762.43,12.75,40.76,0.024534,2997.9,3310.7,6.4141,1.9144,2.7883,633.4,4.8859,2.87E-05,0.078333,vapor
765.31,12.75,40.523,0.024678,3004.1,3318.7,6.4245,1.9111,2.7763,635.22,4.836,2.88E-05,0.078564,vapor
768.19,12.75,40.289,0.024821,3010.2,3326.7,6.4349,1.9079,2.7648,637.03,4.7867,2.90E-05,0.0788,vapor
771.07,12.75,40.06,0.024963,3016.4,3334.6,6.4453,1.9049,2.7538,638.82,4.7381,2.91E-05,0.07904,vapor
773.94,12.75,39.834,0.025104,3022.5,3342.5,6.4555,1.9021,2.7431,640.59,4.6901,2.92E-05,0.079285,vapor
776.82,12.75,39.612,0.025245,3028.5,3350.4,6.4657,1.8994,2.7329,642.35,4.6427,2.93E-05,0.079534,vapor
779.7,12.75,39.393,0.025385,3034.6,3358.3,6.4758,1.8969,2.723,644.09,4.596,2.95E-05,0.079787,vapor
782.58,12.75,39.177,0.025525,3040.7,3366.1,6.4858,1.8945,2.7135,645.82,4.5498,2.96E-05,0.080044,vapor
785.46,12.75,38.965,0.025664,3046.7,3373.9,6.4957,1.8922,2.7044,647.54,4.5043,2.97E-05,0.080304,vapor
788.33,12.75,38.756,0.025802,3052.7,3381.7,6.5056,1.89,2.6956,649.24,4.4594,2.98E-05,0.080569,vapor
791.21,12.75,38.55,0.02594,3058.7,3389.4,6.5154,1.888,2.6871,650.92,4.415,2.99E-05,0.080837,vapor
794.09,12.75,38.347,0.026077,3064.6,3397.1,6.5251,1.8861,2.6789,652.6,4.3712,3.01E-05,0.081108,vapor
796.97,12.75,38.148,0.026214,3070.6,3404.8,6.5348,1.8842,2.671,654.26,4.328,3.02E-05,0.081383,vapor
799.85,12.75,37.95,0.02635,3076.5,3412.5,6.5444,1.8825,2.6634,655.91,4.2853,3.03E-05,0.081662,vapor
802.72,12.75,37.756,0.026486,3082.5,3420.2,6.554,1.8809,2.6561,657.55,4.2432,3.04E-05,0.081943,vapor
805.6,12.75,37.564,0.026621,3088.4,3427.8,6.5635,1.8794,2.649,659.18,4.2017,3.05E-05,0.082228,vapor
808.48,12.75,37.375,0.026756,3094.3,3435.4,6.5729,1.878,2.6422,660.79,4.1606,3.07E-05,0.082516,vapor
811.36,12.75,37.189,0.02689,3100.2,3443,6.5823,1.8767,2.6356,662.4,4.1201,3.08E-05,0.082807,vapor
814.24,12.75,37.005,0.027023,3106,3450.6,6.5916,1.8755,2.6293,663.99,4.0801,3.09E-05,0.083101,vapor
817.11,12.75,36.824,0.027157,3111.9,3458.1,6.6009,1.8744,2.6232,665.57,4.0407,3.10E-05,0.083397,vapor
819.99,12.75,36.644,0.027289,3117.7,3465.7,6.6101,1.8733,2.6173,667.15,4.0017,3.11E-05,0.083697,vapor
822.87,12.75,36.468,0.027422,3123.6,3473.2,6.6192,1.8724,2.6116,668.71,3.9632,3.13E-05,0.083999,vapor
825.75,12.75,36.293,0.027554,3129.4,3480.7,6.6284,1.8715,2.6061,670.26,3.9252,3.14E-05,0.084304,vapor
828.63,12.75,36.121,0.027685,3135.2,3488.2,6.6374,1.8706,2.6008,671.8,3.8877,3.15E-05,0.084611,vapor
831.5,12.75,35.95,0.027816,3141,3495.7,6.6464,1.8699,2.5957,673.34,3.8507,3.16E-05,0.084922,vapor
834.38,12.75,35.782,0.027947,3146.8,3503.1,6.6554,1.8692,2.5908,674.86,3.8141,3.17E-05,0.085234,vapor
837.26,12.75,35.616,0.028077,3152.6,3510.6,6.6643,1.8686,2.586,676.37,3.778,3.19E-05,0.085549,vapor
840.14,12.75,35.452,0.028207,3158.4,3518,6.6732,1.8681,2.5814,677.88,3.7424,3.20E-05,0.085866,vapor
843.02,12.75,35.29,0.028337,3164.2,3525.5,6.682,1.8676,2.577,679.38,3.7072,3.21E-05,0.086186,vapor
845.9,12.75,35.13,0.028466,3169.9,3532.9,6.6908,1.8672,2.5727,680.86,3.6724,3.22E-05,0.086508,vapor
848.77,12.75,34.972,0.028595,3175.7,3540.3,6.6995,1.8668,2.5686,682.34,3.6381,3.23E-05,0.086832,vapor
851.65,12.75,34.815,0.028723,3181.4,3547.7,6.7082,1.8665,2.5647,683.81,3.6041,3.24E-05,0.087158,vapor
854.53,12.75,34.661,0.028851,3187.2,3555,6.7168,1.8663,2.5608,685.28,3.5706,3.26E-05,0.087486,vapor
857.41,12.75,34.508,0.028979,3192.9,3562.4,6.7254,1.8661,2.5572,686.73,3.5376,3.27E-05,0.087817,vapor
860.29,12.75,34.357,0.029106,3198.6,3569.7,6.734,1.8659,2.5536,688.18,3.5049,3.28E-05,0.088149,vapor
863.16,12.75,34.207,0.029234,3204.4,3577.1,6.7425,1.8658,2.5502,689.62,3.4726,3.29E-05,0.088484,vapor
866.04,12.75,34.059,0.02936,3210.1,3584.4,6.751,1.8658,2.5469,691.05,3.4407,3.30E-05,0.08882,vapor
868.92,12.75,33.913,0.029487,3215.8,3591.8,6.7594,1.8658,2.5437,692.48,3.4092,3.31E-05,0.089158,vapor
871.8,12.75,33.769,0.029613,3221.5,3599.1,6.7678,1.8659,2.5406,693.89,3.3781,3.33E-05,0.089499,vapor
874.68,12.75,33.626,0.029739,3227.2,3606.4,6.7762,1.866,2.5377,695.3,3.3473,3.34E-05,0.089841,vapor
877.55,12.75,33.484,0.029865,3232.9,3613.7,6.7845,1.8661,2.5349,696.71,3.317,3.35E-05,0.090184,vapor
880.43,12.75,33.344,0.02999,3238.6,3621,6.7928,1.8663,2.5321,698.1,3.2869,3.36E-05,0.09053,vapor
883.31,12.75,33.206,0.030115,3244.3,3628.3,6.8011,1.8665,2.5295,699.49,3.2573,3.37E-05,0.090877,vapor
886.19,12.75,33.069,0.03024,3250,3635.5,6.8093,1.8668,2.527,700.87,3.228,3.38E-05,0.091226,vapor
889.07,12.75,32.933,0.030365,3255.6,3642.8,6.8175,1.8671,2.5246,702.25,3.199,3.40E-05,0.091576,vapor
891.94,12.75,32.799,0.030489,3261.3,3650.1,6.8257,1.8674,2.5222,703.62,3.1704,3.41E-05,0.091928,vapor
894.82,12.75,32.666,0.030613,3267,3657.3,6.8338,1.8678,2.52,704.98,3.1422,3.42E-05,0.092282,vapor
897.7,12.75,32.534,0.030737,3272.7,3664.6,6.8419,1.8682,2.5178,706.34,3.1142,3.43E-05,0.092637,vapor
900.58,12.75,32.404,0.03086,3278.3,3671.8,6.8499,1.8687,2.5158,707.69,3.0866,3.44E-05,0.092994,vapor
903.46,12.75,32.275,0.030984,3284,3679,6.858,1.8692,2.5138,709.03,3.0593,3.45E-05,0.093352,vapor
906.33,12.75,32.147,0.031107,3289.7,3686.3,6.866,1.8697,2.5119,710.37,3.0323,3.47E-05,0.093712,vapor
909.21,12.75,32.021,0.03123,3295.3,3693.5,6.8739,1.8702,2.5101,711.7,3.0057,3.48E-05,0.094073,vapor
912.09,12.75,31.896,0.031352,3301,3700.7,6.8818,1.8708,2.5083,713.03,2.9793,3.49E-05,0.094435,vapor
914.97,12.75,31.772,0.031475,3306.6,3707.9,6.8897,1.8714,2.5067,714.35,2.9533,3.50E-05,0.094799,vapor
917.85,12.75,31.649,0.031597,3312.3,3715.2,6.8976,1.872,2.5051,715.67,2.9275,3.51E-05,0.095164,vapor
920.72,12.75,31.527,0.031719,3317.9,3722.4,6.9055,1.8727,2.5036,716.98,2.9021,3.52E-05,0.095531,vapor
923.6,12.75,31.406,0.031841,3323.6,3729.6,6.9133,1.8734,2.5021,718.28,2.8769,3.53E-05,0.095899,vapor
926.48,12.75,31.287,0.031962,3329.2,3736.8,6.9211,1.8741,2.5007,719.58,2.852,3.55E-05,0.096268,vapor
929.36,12.75,31.169,0.032084,3334.9,3744,6.9288,1.8749,2.4994,720.88,2.8274,3.56E-05,0.096638,vapor
932.24,12.75,31.051,0.032205,3340.5,3751.2,6.9365,1.8756,2.4982,722.16,2.8031,3.57E-05,0.097009,vapor
935.12,12.75,30.935,0.032326,3346.2,3758.3,6.9442,1.8764,2.497,723.45,2.779,3.58E-05,0.097382,vapor
937.99,12.75,30.82,0.032446,3351.8,3765.5,6.9519,1.8773,2.4959,724.73,2.7553,3.59E-05,0.097756,vapor
940.87,12.75,30.706,0.032567,3357.5,3772.7,6.9595,1.8781,2.4948,726,2.7318,3.60E-05,0.098131,vapor
943.75,12.75,30.593,0.032687,3363.1,3779.9,6.9672,1.879,2.4938,727.27,2.7085,3.61E-05,0.098507,vapor
946.63,12.75,30.481,0.032807,3368.8,3787.1,6.9748,1.8799,2.4928,728.53,2.6855,3.62E-05,0.098884,vapor
949.51,12.75,30.37,0.032927,3374.4,3794.2,6.9823,1.8808,2.4919,729.79,2.6628,3.64E-05,0.099262,vapor
952.38,12.75,30.26,0.033047,3380.1,3801.4,6.9899,1.8817,2.4911,731.04,2.6403,3.65E-05,0.099641,vapor
955.26,12.75,30.15,0.033167,3385.7,3808.6,6.9974,1.8826,2.4903,732.29,2.6181,3.66E-05,0.10002,vapor
958.14,12.75,30.042,0.033286,3391.3,3815.7,7.0049,1.8836,2.4895,733.54,2.5961,3.67E-05,0.1004,vapor
961.02,12.75,29.935,0.033406,3397,3822.9,7.0123,1.8846,2.4888,734.78,2.5743,3.68E-05,0.10078,vapor
963.9,12.75,29.829,0.033525,3402.6,3830.1,7.0198,1.8856,2.4882,736.02,2.5528,3.69E-05,0.10117,vapor
966.77,12.75,29.723,0.033644,3408.3,3837.2,7.0272,1.8866,2.4876,737.25,2.5315,3.70E-05,0.10155,vapor
969.65,12.75,29.618,0.033763,3413.9,3844.4,7.0346,1.8877,2.4871,738.47,2.5104,3.71E-05,0.10193,vapor
972.53,12.75,29.515,0.033881,3419.6,3851.5,7.042,1.8888,2.4865,739.7,2.4896,3.73E-05,0.10232,vapor
975.41,12.75,29.412,0.034,3425.2,3858.7,7.0493,1.8898,2.4861,740.91,2.469,3.74E-05,0.10271,vapor
978.29,12.75,29.31,0.034118,3430.8,3865.9,7.0566,1.8909,2.4857,742.13,2.4486,3.75E-05,0.1031,vapor
981.16,12.75,29.209,0.034236,3436.5,3873,7.0639,1.8921,2.4853,743.34,2.4285,3.76E-05,0.10349,vapor
984.04,12.75,29.108,0.034355,3442.1,3880.2,7.0712,1.8932,2.4849,744.54,2.4085,3.77E-05,0.10388,vapor
986.92,12.75,29.009,0.034472,3447.8,3887.3,7.0785,1.8943,2.4846,745.75,2.3888,3.78E-05,0.10427,vapor
989.8,12.75,28.91,0.03459,3453.4,3894.5,7.0857,1.8955,2.4844,746.94,2.3692,3.79E-05,0.10466,vapor
992.68,12.75,28.812,0.034708,3459.1,3901.6,7.0929,1.8967,2.4842,748.14,2.3499,3.80E-05,0.10505,vapor
995.55,12.75,28.715,0.034825,3464.7,3908.8,7.1001,1.8979,2.484,749.33,2.3308,3.82E-05,0.10545,vapor
998.43,12.75,28.618,0.034943,3470.4,3915.9,7.1073,1.8991,2.4838,750.51,2.3119,3.83E-05,0.10584,vapor
1001.3,12.75,28.523,0.03506,3476,3923.1,7.1144,1.9003,2.4837,751.7,2.2931,3.84E-05,0.10624,vapor
1004.2,12.75,28.428,0.035177,3481.7,3930.2,7.1216,1.9015,2.4836,752.88,2.2746,3.85E-05,0.10664,vapor
1007.1,12.75,28.334,0.035294,3487.4,3937.4,7.1287,1.9028,2.4836,754.05,2.2563,3.86E-05,0.10703,vapor
1009.9,12.75,28.24,0.035411,3493,3944.5,7.1357,1.904,2.4836,755.22,2.2381,3.87E-05,0.10743,vapor
1012.8,12.75,28.147,0.035527,3498.7,3951.6,7.1428,1.9053,2.4836,756.39,2.2202,3.88E-05,0.10783,vapor
1015.7,12.75,28.055,0.035644,3504.3,3958.8,7.1499,1.9066,2.4836,757.55,2.2024,3.89E-05,0.10823,vapor
1018.6,12.75,27.964,0.03576,3510,3965.9,7.1569,1.9079,2.4837,758.71,2.1848,3.90E-05,0.10863,vapor
1021.5,12.75,27.873,0.035877,3515.7,3973.1,7.1639,1.9092,2.4838,759.87,2.1674,3.92E-05,0.10903,vapor
1024.3,12.75,27.783,0.035993,3521.3,3980.2,7.1709,1.9105,2.484,761.02,2.1502,3.93E-05,0.10943,vapor
1027.2,12.75,27.694,0.036109,3527,3987.4,7.1779,1.9118,2.4841,762.17,2.1331,3.94E-05,0.10983,vapor
1030.1,12.75,27.605,0.036225,3532.7,3994.5,7.1848,1.9131,2.4843,763.32,2.1162,3.95E-05,0.11024,vapor
1033,12.75,27.517,0.036341,3538.3,4001.7,7.1917,1.9145,2.4846,764.46,2.0995,3.96E-05,0.11064,vapor
1035.8,12.75,27.43,0.036457,3544,4008.8,7.1987,1.9158,2.4848,765.6,2.0829,3.97E-05,0.11104,vapor
1038.7,12.75,27.343,0.036572,3549.7,4016,7.2055,1.9172,2.4851,766.74,2.0666,3.98E-05,0.11145,vapor
1041.6,12.75,27.257,0.036688,3555.4,4023.1,7.2124,1.9186,2.4854,767.87,2.0503,3.99E-05,0.11185,vapor
1044.5,12.75,27.172,0.036803,3561.1,4030.3,7.2193,1.92,2.4857,769,2.0343,4.00E-05,0.11226,vapor
1047.4,12.75,27.087,0.036918,3566.7,4037.5,7.2261,1.9214,2.4861,770.13,2.0184,4.01E-05,0.11267,vapor
1050.2,12.75,27.003,0.037034,3572.4,4044.6,7.2329,1.9228,2.4864,771.26,2.0026,4.02E-05,0.11307,vapor
1053.1,12.75,26.919,0.037149,3578.1,4051.8,7.2398,1.9242,2.4868,772.38,1.9871,4.04E-05,0.11348,vapor
1056,12.75,26.836,0.037264,3583.8,4058.9,7.2465,1.9256,2.4873,773.49,1.9716,4.05E-05,0.11389,vapor
1058.9,12.75,26.753,0.037378,3589.5,4066.1,7.2533,1.927,2.4877,774.61,1.9563,4.06E-05,0.1143,vapor
1061.8,12.75,26.671,0.037493,3595.2,4073.2,7.2601,1.9285,2.4882,775.72,1.9412,4.07E-05,0.11471,vapor
1064.6,12.75,26.59,0.037608,3600.9,4080.4,7.2668,1.9299,2.4887,776.83,1.9262,4.08E-05,0.11512,vapor
1067.5,12.75,26.509,0.037722,3606.6,4087.6,7.2735,1.9314,2.4892,777.93,1.9114,4.09E-05,0.11553,vapor
1070.4,12.75,26.429,0.037837,3612.3,4094.7,7.2802,1.9328,2.4897,779.04,1.8967,4.10E-05,0.11594,vapor
1073.3,12.75,26.35,0.037951,3618,4101.9,7.2869,1.9343,2.4903,780.14,1.8822,4.11E-05,0.11635,vapor
1076.1,12.75,26.27,0.038066,3623.7,4109.1,7.2936,1.9357,2.4908,781.23,1.8677,4.12E-05,0.11676,vapor
1079,12.75,26.192,0.03818,3629.4,4116.2,7.3002,1.9372,2.4914,782.33,1.8535,4.13E-05,0.11717,vapor
1081.9,12.75,26.114,0.038294,3635.2,4123.4,7.3069,1.9387,2.492,783.42,1.8393,4.14E-05,0.11759,vapor
1084.8,12.75,26.036,0.038408,3640.9,4130.6,7.3135,1.9402,2.4926,784.51,1.8253,4.16E-05,0.118,vapor
1087.7,12.75,25.959,0.038522,3646.6,4137.8,7.3201,1.9417,2.4933,785.59,1.8115,4.17E-05,0.11841,vapor
1090.5,12.75,25.883,0.038636,3652.3,4144.9,7.3267,1.9432,2.4939,786.68,1.7977,4.18E-05,0.11883,vapor
1093.4,12.75,25.807,0.038749,3658.1,4152.1,7.3333,1.9447,2.4946,787.76,1.7841,4.19E-05,0.11924,vapor
1096.3,12.75,25.731,0.038863,3663.8,4159.3,7.3398,1.9462,2.4953,788.83,1.7707,4.20E-05,0.11966,vapor
1099.2,12.75,25.656,0.038977,3669.5,4166.5,7.3464,1.9477,2.496,789.91,1.7573,4.21E-05,0.12007,vapor
1102,12.75,25.582,0.03909,3675.3,4173.7,7.3529,1.9493,2.4967,790.98,1.7441,4.22E-05,0.12049,vapor
1104.9,12.75,25.508,0.039204,3681,4180.8,7.3594,1.9508,2.4975,792.05,1.731,4.23E-05,0.12091,vapor
1107.8,12.75,25.434,0.039317,3686.7,4188,7.3659,1.9523,2.4982,793.12,1.718,4.24E-05,0.12132,vapor
1110.7,12.75,25.361,0.03943,3692.5,4195.2,7.3724,1.9539,2.499,794.18,1.7052,4.25E-05,0.12174,vapor
1113.6,12.75,25.289,0.039543,3698.2,4202.4,7.3789,1.9554,2.4998,795.25,1.6924,4.26E-05,0.12216,vapor
1116.4,12.75,25.217,0.039657,3704,4209.6,7.3853,1.957,2.5006,796.31,1.6798,4.27E-05,0.12257,vapor
1119.3,12.75,25.145,0.03977,3709.8,4216.8,7.3917,1.9585,2.5014,797.36,1.6673,4.28E-05,0.12299,vapor
1122.2,12.75,25.074,0.039882,3715.5,4224,7.3982,1.9601,2.5022,798.42,1.6549,4.30E-05,0.12341,vapor
1125.1,12.75,25.003,0.039995,3721.3,4231.2,7.4046,1.9616,2.5031,799.47,1.6427,4.31E-05,0.12383,vapor
1127.9,12.75,24.933,0.040108,3727,4238.4,7.411,1.9632,2.5039,800.52,1.6305,4.32E-05,0.12425,vapor
1130.8,12.75,24.863,0.040221,3732.8,4245.6,7.4174,1.9648,2.5048,801.57,1.6184,4.33E-05,0.12467,vapor
1133.7,12.75,24.793,0.040334,3738.6,4252.8,7.4237,1.9663,2.5057,802.61,1.6065,4.34E-05,0.12509,vapor
1136.6,12.75,24.724,0.040446,3744.4,4260.1,7.4301,1.9679,2.5066,803.65,1.5947,4.35E-05,0.12551,vapor
1139.5,12.75,24.656,0.040559,3750.1,4267.3,7.4364,1.9695,2.5075,804.69,1.583,4.36E-05,0.12593,vapor
1142.3,12.75,24.588,0.040671,3755.9,4274.5,7.4427,1.9711,2.5084,805.73,1.5713,4.37E-05,0.12635,vapor
1145.2,12.75,24.52,0.040783,3761.7,4281.7,7.4491,1.9727,2.5093,806.77,1.5598,4.38E-05,0.12677,vapor
1148.1,12.75,24.452,0.040896,3767.5,4288.9,7.4554,1.9742,2.5103,807.8,1.5484,4.39E-05,0.12719,vapor
1151,12.75,24.386,0.041008,3773.3,4296.2,7.4616,1.9758,2.5112,808.83,1.5371,4.40E-05,0.12762,vapor
1153.8,12.75,24.319,0.04112,3779.1,4303.4,7.4679,1.9774,2.5122,809.86,1.5259,4.41E-05,0.12804,vapor
1156.7,12.75,24.253,0.041232,3784.9,4310.6,7.4742,1.979,2.5131,810.89,1.5148,4.42E-05,0.12846,vapor
1159.6,12.75,24.187,0.041344,3790.7,4317.9,7.4804,1.9806,2.5141,811.91,1.5038,4.43E-05,0.12888,vapor
1162.5,12.75,24.122,0.041456,3796.5,4325.1,7.4867,1.9822,2.5151,812.94,1.4929,4.44E-05,0.12931,vapor
1165.4,12.75,24.057,0.041568,3802.3,4332.3,7.4929,1.9838,2.5161,813.96,1.4821,4.45E-05,0.12973,vapor
1168.2,12.75,23.992,0.04168,3808.2,4339.6,7.4991,1.9855,2.5171,814.97,1.4714,4.47E-05,0.13015,vapor
1171.1,12.75,23.928,0.041792,3814,4346.8,7.5053,1.9871,2.5182,815.99,1.4608,4.48E-05,0.13058,vapor
1174,12.75,23.864,0.041903,3819.8,4354.1,7.5115,1.9887,2.5192,817,1.4502,4.49E-05,0.131,vapor
1176.9,12.75,23.801,0.042015,3825.6,4361.3,7.5176,1.9903,2.5202,818.02,1.4398,4.50E-05,0.13143,vapor
1179.8,12.75,23.738,0.042127,3831.5,4368.6,7.5238,1.9919,2.5213,819.03,1.4294,4.51E-05,0.13185,vapor
1182.6,12.75,23.675,0.042238,3837.3,4375.8,7.5299,1.9935,2.5223,820.03,1.4192,4.52E-05,0.13228,vapor
1185.5,12.75,23.613,0.04235,3843.1,4383.1,7.5361,1.9951,2.5234,821.04,1.409,4.53E-05,0.1327,vapor
1188.4,12.75,23.551,0.042461,3849,4390.4,7.5422,1.9968,2.5245,822.04,1.3989,4.54E-05,0.13313,vapor
1191.3,12.75,23.489,0.042572,3854.8,4397.6,7.5483,1.9984,2.5255,823.05,1.389,4.55E-05,0.13355,vapor
1194.1,12.75,23.428,0.042684,3860.7,4404.9,7.5544,2,2.5266,824.04,1.3791,4.56E-05,0.13398,vapor
1197,12.75,23.367,0.042795,3866.5,4412.2,7.5605,2.0016,2.5277,825.04,1.3692,4.57E-05,0.1344,vapor
1199.9,12.75,23.307,0.042906,3872.4,4419.4,7.5665,2.0033,2.5288,826.04,1.3595,4.58E-05,0.13483,vapor
1202.8,12.75,23.246,0.043017,3878.3,4426.7,7.5726,2.0049,2.5299,827.03,1.3499,4.59E-05,0.13526,vapor
1205.7,12.75,23.187,0.043128,3884.1,4434,7.5787,2.0065,2.531,828.02,1.3403,4.60E-05,0.13568,vapor
1208.5,12.75,23.127,0.043239,3890,4441.3,7.5847,2.0081,2.5322,829.01,1.3308,4.61E-05,0.13611,vapor
1211.4,12.75,23.068,0.04335,3895.9,4448.6,7.5907,2.0098,2.5333,830,1.3214,4.62E-05,0.13654,vapor
1214.3,12.75,23.009,0.043461,3901.7,4455.9,7.5967,2.0114,2.5344,830.99,1.3121,4.63E-05,0.13697,vapor
1217.2,12.75,22.95,0.043572,3907.6,4463.2,7.6027,2.013,2.5356,831.97,1.3028,4.64E-05,0.13739,vapor
1220,12.75,22.892,0.043683,3913.5,4470.5,7.6087,2.0147,2.5367,832.96,1.2936,4.65E-05,0.13782,vapor
1222.9,12.75,22.834,0.043794,3919.4,4477.8,7.6147,2.0163,2.5379,833.94,1.2845,4.66E-05,0.13825,vapor
1225.8,12.75,22.777,0.043904,3925.3,4485.1,7.6207,2.0179,2.539,834.92,1.2755,4.67E-05,0.13868,vapor
1228.7,12.75,22.719,0.044015,3931.2,4492.4,7.6266,2.0196,2.5402,835.89,1.2666,4.68E-05,0.13911,vapor
1231.6,12.75,22.663,0.044126,3937.1,4499.7,7.6326,2.0212,2.5414,836.87,1.2577,4.70E-05,0.13953,vapor
1234.4,12.75,22.606,0.044236,3943,4507,7.6385,2.0229,2.5426,837.84,1.2489,4.71E-05,0.13996,vapor
1237.3,12.75,22.55,0.044347,3948.9,4514.3,7.6444,2.0245,2.5437,838.81,1.2402,4.72E-05,0.14039,vapor
1240.2,12.75,22.494,0.044457,3954.8,4521.7,7.6503,2.0261,2.5449,839.78,1.2316,4.73E-05,0.14082,vapor
1243.1,12.75,22.438,0.044568,3960.7,4529,7.6562,2.0278,2.5461,840.75,1.223,4.74E-05,0.14125,vapor
1245.9,12.75,22.382,0.044678,3966.7,4536.3,7.6621,2.0294,2.5473,841.72,1.2145,4.75E-05,0.14168,vapor
1248.8,12.75,22.327,0.044788,3972.6,4543.6,7.668,2.031,2.5485,842.68,1.206,4.76E-05,0.14211,vapor
1251.7,12.75,22.272,0.044899,3978.5,4551,7.6739,2.0327,2.5497,843.65,1.1977,4.77E-05,0.14254,vapor
1254.6,12.75,22.218,0.045009,3984.5,4558.3,7.6797,2.0343,2.551,844.61,1.1894,4.78E-05,0.14297,vapor
1257.5,12.75,22.164,0.045119,3990.4,4565.7,7.6856,2.036,2.5522,845.57,1.1811,4.79E-05,0.1434,vapor
1260.3,12.75,22.11,0.045229,3996.3,4573,7.6914,2.0376,2.5534,846.52,1.173,4.80E-05,0.14383,vapor
1263.2,12.75,22.056,0.045339,4002.3,4580.4,7.6972,2.0392,2.5546,847.48,1.1649,4.81E-05,0.14426,vapor
1266.1,12.75,22.002,0.045449,4008.2,4587.7,7.703,2.0409,2.5558,848.44,1.1568,4.82E-05,0.14469,vapor
1269,12.75,21.949,0.045559,4014.2,4595.1,7.7089,2.0425,2.5571,849.39,1.1489,4.83E-05,0.14512,vapor
1271.8,12.75,21.897,0.045669,4020.2,4602.4,7.7146,2.0441,2.5583,850.34,1.141,4.84E-05,0.14555,vapor
1274.7,12.75,21.844,0.045779,4026.1,4609.8,7.7204,2.0458,2.5596,851.29,1.1331,4.85E-05,0.14598,vapor
1277.6,12.75,21.792,0.045889,4032.1,4617.2,7.7262,2.0474,2.5608,852.24,1.1254,4.86E-05,0.14641,vapor
1280.5,12.75,21.74,0.045999,4038.1,4624.5,7.732,2.049,2.5621,853.19,1.1176,4.87E-05,0.14685,vapor
1283.4,12.75,21.688,0.046109,4044,4631.9,7.7377,2.0507,2.5633,854.13,1.11,4.88E-05,0.14728,vapor
1286.2,12.75,21.636,0.046219,4050,4639.3,7.7435,2.0523,2.5646,855.07,1.1024,4.89E-05,0.14771,vapor
1289.1,12.75,21.585,0.046328,4056,4646.7,7.7492,2.0539,2.5658,856.02,1.0949,4.90E-05,0.14814,vapor
1292,12.75,21.534,0.046438,4062,4654.1,7.7549,2.0556,2.5671,856.96,1.0874,4.91E-05,0.14857,vapor
1294.9,12.75,21.483,0.046548,4068,4661.5,7.7606,2.0572,2.5683,857.9,1.08,4.92E-05,0.149,vapor
1297.8,12.75,21.433,0.046657,4074,4668.9,7.7663,2.0588,2.5696,858.83,1.0726,4.93E-05,0.14943,vapor
1300.6,12.75,21.383,0.046767,4080,4676.3,7.772,2.0605,2.5709,859.77,1.0653,4.94E-05,0.14987,vapor
1303.5,12.75,21.333,0.046876,4086,4683.7,7.7777,2.0621,2.5722,860.7,1.0581,4.95E-05,0.1503,vapor
1306.4,12.75,21.283,0.046986,4092,4691.1,7.7834,2.0637,2.5734,861.64,1.0509,4.96E-05,0.15073,vapor
1309.3,12.75,21.234,0.047095,4098,4698.5,7.7891,2.0653,2.5747,862.57,1.0438,4.97E-05,0.15116,vapor
1312.1,12.75,21.184,0.047205,4104,4705.9,7.7947,2.067,2.576,863.5,1.0367,4.98E-05,0.1516,vapor
1315,12.75,21.135,0.047314,4110,4713.3,7.8004,2.0686,2.5773,864.43,1.0297,4.99E-05,0.15203,vapor
1317.9,12.75,21.087,0.047423,4116.1,4720.7,7.806,2.0702,2.5786,865.35,1.0227,5.00E-05,0.15246,vapor
1320.8,12.75,21.038,0.047533,4122.1,4728.1,7.8116,2.0718,2.5798,866.28,1.0158,5.01E-05,0.15289,vapor
1323.7,12.75,20.99,0.047642,4128.1,4735.6,7.8172,2.0735,2.5811,867.2,1.009,5.02E-05,0.15333,vapor
1326.5,12.75,20.942,0.047751,4134.2,4743,7.8228,2.0751,2.5824,868.13,1.0022,5.03E-05,0.15376,vapor
1329.4,12.75,20.894,0.04786,4140.2,4750.4,7.8284,2.0767,2.5837,869.05,0.99541,5.04E-05,0.15419,vapor
1332.3,12.75,20.847,0.04797,4146.3,4757.9,7.834,2.0783,2.585,869.97,0.98872,5.05E-05,0.15462,vapor
1335.2,12.75,20.799,0.048079,4152.3,4765.3,7.8396,2.0799,2.5863,870.89,0.98207,5.06E-05,0.15506,vapor
1338,12.75,20.752,0.048188,4158.4,4772.8,7.8452,2.0816,2.5876,871.8,0.97547,5.07E-05,0.15549,vapor
1340.9,12.75,20.705,0.048297,4164.4,4780.2,7.8507,2.0832,2.5889,872.72,0.96893,5.08E-05,0.15592,vapor
1343.8,12.75,20.659,0.048406,4170.5,4787.7,7.8563,2.0848,2.5902,873.63,0.96243,5.09E-05,0.15636,vapor
1346.7,12.75,20.612,0.048515,4176.5,4795.1,7.8618,2.0864,2.5915,874.55,0.95598,5.10E-05,0.15679,vapor
1349.6,12.75,20.566,0.048624,4182.6,4802.6,7.8674,2.088,2.5928,875.46,0.94958,5.11E-05,0.15722,vapor
1352.4,12.75,20.52,0.048733,4188.7,4810,7.8729,2.0896,2.5941,876.37,0.94323,undefined,undefined,vapor
1355.3,12.75,20.474,0.048842,4194.8,4817.5,7.8784,2.0912,2.5954,877.28,0.93693,undefined,undefined,vapor
1358.2,12.75,20.429,0.048951,4200.9,4825,7.8839,2.0928,2.5967,878.18,0.93068,undefined,undefined,vapor
1361.1,12.75,20.383,0.049059,4206.9,4832.5,7.8894,2.0944,2.5981,879.09,0.92447,undefined,undefined,vapor
1363.9,12.75,20.338,0.049168,4213,4839.9,7.8949,2.096,2.5994,880,0.9183,undefined,undefined,vapor
1366.8,12.75,20.293,0.049277,4219.1,4847.4,7.9004,2.0976,2.6007,880.9,0.91219,undefined,undefined,vapor
1369.7,12.75,20.249,0.049386,4225.2,4854.9,7.9059,2.0992,2.602,881.8,0.90612,undefined,undefined,vapor
1372.6,12.75,20.204,0.049494,4231.3,4862.4,7.9113,2.1008,2.6033,882.7,0.90009,undefined,undefined,vapor
1375.5,12.75,20.16,0.049603,4237.4,4869.9,7.9168,2.1024,2.6046,883.6,0.89411,undefined,undefined,vapor
1378.3,12.75,20.116,0.049712,4243.6,4877.4,7.9222,2.104,2.6059,884.5,0.88817,undefined,undefined,vapor
1381.2,12.75,20.072,0.04982,4249.7,4884.9,7.9277,2.1056,2.6073,885.4,0.88228,undefined,undefined,vapor
1384.1,12.75,20.028,0.049929,4255.8,4892.4,7.9331,2.1072,2.6086,886.3,0.87643,undefined,undefined,vapor
1387,12.75,19.985,0.050038,4261.9,4899.9,7.9385,2.1088,2.6099,887.19,0.87062,undefined,undefined,vapor
1389.8,12.75,19.942,0.050146,4268.1,4907.4,7.9439,2.1103,2.6112,888.08,0.86486,undefined,undefined,vapor
1392.7,12.75,19.899,0.050255,4274.2,4914.9,7.9493,2.1119,2.6125,888.98,0.85914,undefined,undefined,vapor
1395.6,12.75,19.856,0.050363,4280.3,4922.5,7.9547,2.1135,2.6138,889.87,0.85346,undefined,undefined,vapor
1398.5,12.75,19.813,0.050472,4286.5,4930,7.9601,2.1151,2.6152,890.76,0.84782,undefined,undefined,vapor
1401.4,12.75,19.771,0.05058,4292.6,4937.5,7.9655,2.1167,2.6165,891.65,0.84222,undefined,undefined,vapor
1404.2,12.75,19.728,0.050688,4298.8,4945,7.9708,2.1182,2.6178,892.53,0.83666,undefined,undefined,vapor
1407.1,12.75,19.686,0.050797,4304.9,4952.6,7.9762,2.1198,2.6191,893.42,0.83114,undefined,undefined,vapor
1410,12.75,19.644,0.050905,4311.1,4960.1,7.9816,2.1214,2.6204,894.3,0.82567,undefined,undefined,vapor
1412.9,12.75,19.603,0.051013,4317.2,4967.7,7.9869,2.1229,2.6218,895.19,0.82023,undefined,undefined,vapor
1415.8,12.75,19.561,0.051122,4323.4,4975.2,7.9922,2.1245,2.6231,896.07,0.81483,undefined,undefined,vapor
1418.6,12.75,19.52,0.05123,4329.6,4982.8,7.9976,2.1261,2.6244,896.95,0.80947,undefined,undefined,vapor
1421.5,12.75,19.479,0.051338,4335.7,4990.3,8.0029,2.1276,2.6257,897.83,0.80414,undefined,undefined,vapor
1424.4,12.75,19.438,0.051446,4341.9,4997.9,8.0082,2.1292,2.627,898.71,0.79886,undefined,undefined,vapor
1427.3,12.75,19.397,0.051554,4348.1,5005.4,8.0135,2.1308,2.6284,899.59,0.79361,undefined,undefined,vapor
1430.1,12.75,19.356,0.051663,4354.3,5013,8.0188,2.1323,2.6297,900.47,0.7884,undefined,undefined,vapor
1433,12.75,19.316,0.051771,4360.5,5020.6,8.0241,2.1339,2.631,901.34,0.78323,undefined,undefined,vapor
1435.9,12.75,19.276,0.051879,4366.7,5028.1,8.0294,2.1354,2.6323,902.22,0.77809,undefined,undefined,vapor
1438.8,12.75,19.236,0.051987,4372.9,5035.7,8.0346,2.137,2.6336,903.09,0.77299,undefined,undefined,vapor
1441.7,12.75,19.196,0.052095,4379.1,5043.3,8.0399,2.1385,2.635,903.96,0.76793,undefined,undefined,vapor
1444.5,12.75,19.156,0.052203,4385.3,5050.9,8.0452,2.1401,2.6363,904.83,0.7629,undefined,undefined,vapor
1447.4,12.75,19.116,0.052311,4391.5,5058.5,8.0504,2.1416,2.6376,905.7,0.75791,undefined,undefined,vapor
1450.3,12.75,19.077,0.052419,4397.7,5066.1,8.0557,2.1431,2.6389,906.57,0.75295,undefined,undefined,vapor
1453.2,12.75,19.038,0.052527,4403.9,5073.7,8.0609,2.1447,2.6402,907.44,0.74802,undefined,undefined,vapor
1456,12.75,18.999,0.052635,4410.2,5081.3,8.0661,2.1462,2.6416,908.31,0.74313,undefined,undefined,vapor
1458.9,12.75,18.96,0.052743,4416.4,5088.9,8.0713,2.1477,2.6429,909.17,0.73828,undefined,undefined,vapor
1461.8,12.75,18.921,0.052851,4422.6,5096.5,8.0765,2.1493,2.6442,910.04,0.73345,undefined,undefined,vapor
1464.7,12.75,18.883,0.052959,4428.9,5104.1,8.0817,2.1508,2.6455,910.9,0.72867,undefined,undefined,vapor
1467.6,12.75,18.844,0.053066,4435.1,5111.7,8.0869,2.1523,2.6468,911.76,0.72391,undefined,undefined,vapor
1470.4,12.75,18.806,0.053174,4441.4,5119.3,8.0921,2.1538,2.6481,912.63,0.71919,undefined,undefined,vapor
1473.3,12.75,18.768,0.053282,4447.6,5127,8.0973,2.1554,2.6494,913.49,0.7145,undefined,undefined,vapor
1476.2,12.75,18.73,0.05339,4453.9,5134.6,8.1025,2.1569,2.6508,914.35,0.70984,undefined,undefined,vapor
1479.1,12.75,18.692,0.053498,4460.1,5142.2,8.1076,2.1584,2.6521,915.2,0.70521,undefined,undefined,vapor
1481.9,12.75,18.655,0.053605,4466.4,5149.8,8.1128,2.1599,2.6534,916.06,0.70062,undefined,undefined,vapor
1484.8,12.75,18.617,0.053713,4472.6,5157.5,8.1179,2.1614,2.6547,916.92,0.69605,undefined,undefined,vapor
1487.7,12.75,18.58,0.053821,4478.9,5165.1,8.1231,2.1629,2.656,917.77,0.69152,undefined,undefined,vapor
1490.6,12.75,18.543,0.053928,4485.2,5172.8,8.1282,2.1644,2.6573,918.63,0.68702,undefined,undefined,vapor
1493.5,12.75,18.506,0.054036,4491.5,5180.4,8.1333,2.1659,2.6586,919.48,0.68255,undefined,undefined,vapor
1496.3,12.75,18.469,0.054144,4497.7,5188.1,8.1385,2.1674,2.6599,920.33,0.6781,undefined,undefined,vapor
1499.2,12.75,18.433,0.054251,4504,5195.7,8.1436,2.1689,2.6612,921.18,0.67369,undefined,undefined,vapor
1502.1,12.75,18.396,0.054359,4510.3,5203.4,8.1487,2.1704,2.6625,922.03,0.66931,undefined,undefined,vapor
1505,12.75,18.36,0.054466,4516.6,5211.1,8.1538,2.1719,2.6638,922.88,0.66496,undefined,undefined,vapor
1507.9,12.75,18.324,0.054574,4522.9,5218.7,8.1589,2.1734,2.6651,923.73,0.66064,undefined,undefined,vapor
1510.7,12.75,18.288,0.054681,4529.2,5226.4,8.164,2.1749,2.6664,924.58,0.65634,undefined,undefined,vapor
1513.6,12.75,18.252,0.054789,4535.5,5234.1,8.169,2.1764,2.6677,925.42,0.65208,undefined,undefined,vapor
1516.5,12.75,18.216,0.054896,4541.8,5241.8,8.1741,2.1779,2.669,926.27,0.64784,undefined,undefined,vapor
1519.4,12.75,18.181,0.055004,4548.1,5249.4,8.1792,2.1793,2.6703,927.11,0.64363,undefined,undefined,vapor
1522.2,12.75,18.145,0.055111,4554.5,5257.1,8.1842,2.1808,2.6716,927.96,0.63945,undefined,undefined,vapor
1525.1,12.75,18.11,0.055219,4560.8,5264.8,8.1893,2.1823,2.6729,928.8,0.6353,undefined,undefined,vapor
1528,12.75,18.075,0.055326,4567.1,5272.5,8.1943,2.1838,2.6742,929.64,0.63117,undefined,undefined,vapor
1530.9,12.75,18.04,0.055433,4573.4,5280.2,8.1993,2.1852,2.6755,930.48,0.62707,undefined,undefined,vapor
1533.8,12.75,18.005,0.055541,4579.8,5287.9,8.2044,2.1867,2.6768,931.32,0.623,undefined,undefined,vapor
1536.6,12.75,17.97,0.055648,4586.1,5295.6,8.2094,2.1881,2.6781,932.16,0.61895,undefined,undefined,vapor
1539.5,12.75,17.935,0.055755,4592.4,5303.3,8.2144,2.1896,2.6794,932.99,0.61493,undefined,undefined,vapor
1542.4,12.75,17.901,0.055863,4598.8,5311,8.2194,2.1911,2.6807,933.83,0.61094,undefined,undefined,vapor
1545.3,12.75,17.867,0.05597,4605.1,5318.8,8.2244,2.1925,2.682,934.67,0.60698,undefined,undefined,vapor
1548.1,12.75,17.833,0.056077,4611.5,5326.5,8.2294,2.194,2.6832,935.5,0.60304,undefined,undefined,vapor
1551,12.75,17.798,0.056185,4617.8,5334.2,8.2344,2.1954,2.6845,936.33,0.59912,undefined,undefined,vapor
1553.9,12.75,17.765,0.056292,4624.2,5341.9,8.2394,2.1969,2.6858,937.17,0.59523,undefined,undefined,vapor
1556.8,12.75,17.731,0.056399,4630.6,5349.7,8.2443,2.1983,2.6871,938,0.59137,undefined,undefined,vapor
1559.7,12.75,17.697,0.056506,4636.9,5357.4,8.2493,2.1997,2.6884,938.83,0.58753,undefined,undefined,vapor
1562.5,12.75,17.664,0.056613,4643.3,5365.1,8.2543,2.2012,2.6897,939.66,0.58371,undefined,undefined,vapor
1565.4,12.75,17.63,0.056721,4649.7,5372.9,8.2592,2.2026,2.6909,940.49,0.57992,undefined,undefined,vapor
1568.3,12.75,17.597,0.056828,4656.1,5380.6,8.2641,2.2041,2.6922,941.32,0.57616,undefined,undefined,vapor
1571.2,12.75,17.564,0.056935,4662.5,5388.4,8.2691,2.2055,2.6935,942.14,0.57241,undefined,undefined,vapor
1574,12.75,17.531,0.057042,4668.8,5396.1,8.274,2.2069,2.6947,942.97,0.5687,undefined,undefined,vapor
1576.9,12.75,17.498,0.057149,4675.2,5403.9,8.2789,2.2083,2.696,943.8,0.565,undefined,undefined,vapor
1579.8,12.75,17.465,0.057256,4681.6,5411.6,8.2839,2.2098,2.6973,944.62,0.56133,undefined,undefined,vapor
1582.7,12.75,17.433,0.057363,4688,5419.4,8.2888,2.2112,2.6986,945.44,0.55768,undefined,undefined,vapor
1585.6,12.75,17.4,0.05747,4694.4,5427.2,8.2937,2.2126,2.6998,946.27,0.55406,undefined,undefined,vapor
1588.4,12.75,17.368,0.057577,4700.8,5435,8.2986,2.214,2.7011,947.09,0.55046,undefined,undefined,vapor
1591.3,12.75,17.336,0.057684,4707.3,5442.7,8.3035,2.2154,2.7023,947.91,0.54688,undefined,undefined,vapor
1594.2,12.75,17.304,0.057791,4713.7,5450.5,8.3083,2.2168,2.7036,948.73,0.54333,undefined,undefined,vapor
1597.1,12.75,17.272,0.057898,4720.1,5458.3,8.3132,2.2182,2.7049,949.55,0.53979,undefined,undefined,vapor
1599.9,12.75,17.24,0.058005,4726.5,5466.1,8.3181,2.2196,2.7061,950.37,0.53628,undefined,undefined,vapor
1602.8,12.75,17.208,0.058112,4732.9,5473.9,8.323,2.221,2.7074,951.19,0.53279,undefined,undefined,vapor
1605.7,12.75,17.177,0.058219,4739.4,5481.7,8.3278,2.2224,2.7086,952,0.52932,undefined,undefined,vapor
1608.6,12.75,17.145,0.058326,4745.8,5489.5,8.3327,2.2238,2.7099,952.82,0.52588,undefined,undefined,vapor
1611.5,12.75,17.114,0.058433,4752.2,5497.3,8.3375,2.2252,2.7111,953.63,0.52245,undefined,undefined,vapor
1614.3,12.75,17.082,0.05854,4758.7,5505.1,8.3424,2.2266,2.7124,954.45,0.51905,undefined,undefined,vapor
1617.2,12.75,17.051,0.058647,4765.1,5512.9,8.3472,2.228,2.7136,955.26,0.51567,undefined,undefined,vapor
1620.1,12.75,17.02,0.058753,4771.6,5520.7,8.352,2.2294,2.7149,956.07,0.51231,undefined,undefined,vapor
1623,12.75,16.989,0.05886,4778,5528.5,8.3568,2.2307,2.7161,956.88,0.50897,undefined,undefined,vapor
1625.9,12.75,16.959,0.058967,4784.5,5536.3,8.3616,2.2321,2.7173,957.7,0.50565,undefined,undefined,vapor
1628.7,12.75,16.928,0.059074,4791,5544.1,8.3664,2.2335,2.7186,958.51,0.50235,undefined,undefined,vapor
1631.6,12.75,16.897,0.059181,4797.4,5552,8.3712,2.2348,2.7198,959.31,0.49907,undefined,undefined,vapor
1634.5,12.75,16.867,0.059287,4803.9,5559.8,8.376,2.2362,2.721,960.12,0.49581,undefined,undefined,vapor
1637.4,12.75,16.837,0.059394,4810.4,5567.6,8.3808,2.2376,2.7223,960.93,0.49257,undefined,undefined,vapor
1640.2,12.75,16.806,0.059501,4816.8,5575.5,8.3856,2.2389,2.7235,961.74,0.48935,undefined,undefined,vapor
1643.1,12.75,16.776,0.059608,4823.3,5583.3,8.3904,2.2403,2.7247,962.54,0.48615,undefined,undefined,vapor
1646,12.75,16.746,0.059714,4829.8,5591.2,8.3952,2.2417,2.726,963.35,0.48297,undefined,undefined,vapor
1648.9,12.75,16.716,0.059821,4836.3,5599,8.3999,2.243,2.7272,964.15,0.47981,undefined,undefined,vapor
1651.8,12.75,16.687,0.059928,4842.8,5606.8,8.4047,2.2444,2.7284,964.96,0.47667,undefined,undefined,vapor
1654.6,12.75,16.657,0.060035,4849.3,5614.7,8.4094,2.2457,2.7296,965.76,0.47355,undefined,undefined,vapor
1657.5,12.75,16.628,0.060141,4855.8,5622.6,8.4142,2.247,2.7309,966.56,0.47044,undefined,undefined,vapor
1660.4,12.75,16.598,0.060248,4862.3,5630.4,8.4189,2.2484,2.7321,967.36,0.46736,undefined,undefined,vapor
1663.3,12.75,16.569,0.060354,4868.8,5638.3,8.4236,2.2497,2.7333,968.16,0.46429,undefined,undefined,vapor
1666.1,12.75,16.54,0.060461,4875.3,5646.2,8.4284,2.2511,2.7345,968.96,0.46125,undefined,undefined,vapor
1669,12.75,16.51,0.060568,4881.8,5654,8.4331,2.2524,2.7357,969.76,0.45822,undefined,undefined,vapor
1671.9,12.75,16.481,0.060674,4888.3,5661.9,8.4378,2.2537,2.7369,970.56,0.4552,undefined,undefined,vapor
1674.8,12.75,16.453,0.060781,4894.8,5669.8,8.4425,2.2551,2.7381,971.36,0.45221,undefined,undefined,vapor
1677.7,12.75,16.424,0.060887,4901.3,5677.7,8.4472,2.2564,2.7393,972.15,0.44923,undefined,undefined,vapor
1680.5,12.75,16.395,0.060994,4907.9,5685.6,8.4519,2.2577,2.7405,972.95,0.44628,undefined,undefined,vapor
1683.4,12.75,16.366,0.061101,4914.4,5693.4,8.4566,2.259,2.7417,973.74,0.44334,undefined,undefined,vapor
1686.3,12.75,16.338,0.061207,4920.9,5701.3,8.4613,2.2603,2.7429,974.54,0.44041,undefined,undefined,vapor
1689.2,12.75,16.31,0.061314,4927.5,5709.2,8.466,2.2616,2.7441,975.33,0.43751,undefined,undefined,vapor
1692,12.75,16.281,0.06142,4934,5717.1,8.4706,2.263,2.7453,976.12,0.43462,undefined,undefined,vapor
1694.9,12.75,16.253,0.061527,4940.6,5725,8.4753,2.2643,2.7465,976.91,0.43175,undefined,undefined,vapor
1697.8,12.75,16.225,0.061633,4947.1,5732.9,8.48,2.2656,2.7477,977.71,0.42889,undefined,undefined,vapor
1700.7,12.75,16.197,0.06174,4953.7,5740.8,8.4846,2.2669,2.7489,978.5,0.42606,undefined,undefined,vapor
1703.6,12.75,16.169,0.061846,4960.2,5748.8,8.4893,2.2682,2.7501,979.29,0.42323,undefined,undefined,vapor
1706.4,12.75,16.141,0.061952,4966.8,5756.7,8.4939,2.2695,2.7513,980.08,0.42043,undefined,undefined,vapor
1709.3,12.75,16.114,0.062059,4973.3,5764.6,8.4986,2.2707,2.7525,980.86,0.41764,undefined,undefined,vapor
1712.2,12.75,16.086,0.062165,4979.9,5772.5,8.5032,2.272,2.7536,981.65,0.41487,undefined,undefined,vapor
1715.1,12.75,16.059,0.062272,4986.5,5780.4,8.5078,2.2733,2.7548,982.44,0.41211,undefined,undefined,vapor
1717.9,12.75,16.031,0.062378,4993.1,5788.4,8.5124,2.2746,2.756,983.22,0.40937,undefined,undefined,vapor
1720.8,12.75,16.004,0.062485,4999.6,5796.3,8.517,2.2759,2.7572,984.01,0.40665,undefined,undefined,vapor
1723.7,12.75,15.977,0.062591,5006.2,5804.2,8.5217,2.2772,2.7583,984.79,0.40394,undefined,undefined,vapor
1726.6,12.75,15.95,0.062697,5012.8,5812.2,8.5263,2.2784,2.7595,985.58,0.40125,undefined,undefined,vapor
1729.5,12.75,15.923,0.062804,5019.4,5820.1,8.5309,2.2797,2.7607,986.36,0.39857,undefined,undefined,vapor
1732.3,12.75,15.896,0.06291,5026,5828.1,8.5354,2.281,2.7618,987.14,0.39591,undefined,undefined,vapor
1735.2,12.75,15.869,0.063016,5032.6,5836,8.54,2.2822,2.763,987.92,0.39326,undefined,undefined,vapor
1738.1,12.75,15.842,0.063123,5039.2,5844,8.5446,2.2835,2.7642,988.7,0.39063,undefined,undefined,vapor
1741,12.75,15.816,0.063229,5045.8,5851.9,8.5492,2.2848,2.7653,989.48,0.38802,undefined,undefined,vapor
1743.9,12.75,15.789,0.063335,5052.4,5859.9,8.5538,2.286,2.7665,990.26,0.38541,undefined,undefined,vapor
1746.7,12.75,15.763,0.063441,5059,5867.9,8.5583,2.2873,2.7676,991.04,0.38283,undefined,undefined,vapor
1749.6,12.75,15.736,0.063548,5065.6,5875.8,8.5629,2.2885,2.7688,991.82,0.38026,undefined,undefined,vapor
1752.5,12.75,15.71,0.063654,5072.2,5883.8,8.5674,2.2898,2.7699,992.6,0.3777,undefined,undefined,vapor
1755.4,12.75,15.684,0.06376,5078.8,5891.8,8.572,2.291,2.7711,993.38,0.37516,undefined,undefined,vapor
1758.2,12.75,15.658,0.063866,5085.5,5899.8,8.5765,2.2923,2.7722,994.15,0.37263,undefined,undefined,vapor
1761.1,12.75,15.632,0.063973,5092.1,5907.7,8.581,2.2935,2.7734,994.93,0.37011,undefined,undefined,vapor
1764,12.75,15.606,0.064079,5098.7,5915.7,8.5856,2.2948,2.7745,995.7,0.36761,undefined,undefined,vapor
1766.9,12.75,15.58,0.064185,5105.3,5923.7,8.5901,2.296,2.7757,996.48,0.36513,undefined,undefined,vapor
1769.8,12.75,15.554,0.064291,5112,5931.7,8.5946,2.2972,2.7768,997.25,0.36266,undefined,undefined,vapor
1772.6,12.75,15.529,0.064398,5118.6,5939.7,8.5991,2.2985,2.7779,998.02,0.3602,undefined,undefined,vapor
1775.5,12.75,15.503,0.064504,5125.3,5947.7,8.6036,2.2997,2.7791,998.79,0.35776,undefined,undefined,vapor
1778.4,12.75,15.478,0.06461,5131.9,5955.7,8.6081,2.3009,2.7802,999.56,0.35532,undefined,undefined,vapor
1781.3,12.75,15.452,0.064716,5138.6,5963.7,8.6126,2.3021,2.7813,1000.3,0.35291,undefined,undefined,vapor
1784.1,12.75,15.427,0.064822,5145.2,5971.7,8.6171,2.3033,2.7825,1001.1,0.3505,undefined,undefined,vapor
1787,12.75,15.402,0.064928,5151.9,5979.7,8.6216,2.3046,2.7836,1001.9,0.34811,undefined,undefined,vapor
1789.9,12.75,15.376,0.065034,5158.5,5987.7,8.6261,2.3058,2.7847,1002.6,0.34574,undefined,undefined,vapor
1792.8,12.75,15.351,0.065141,5165.2,5995.7,8.6306,2.307,2.7858,1003.4,0.34337,undefined,undefined,vapor
1795.7,12.75,15.326,0.065247,5171.9,6003.8,8.635,2.3082,2.7869,1004.2,0.34102,undefined,undefined,vapor
1798.5,12.75,15.302,0.065353,5178.5,6011.8,8.6395,2.3094,2.788,1004.9,0.33869,undefined,undefined,vapor
1801.4,12.75,15.277,0.065459,5185.2,6019.8,8.644,2.3106,2.7892,1005.7,0.33636,undefined,undefined,vapor
1804.3,12.75,15.252,0.065565,5191.9,6027.8,8.6484,2.3118,2.7903,1006.5,0.33405,undefined,undefined,vapor
1807.2,12.75,15.227,0.065671,5198.6,6035.9,8.6529,2.313,2.7914,1007.2,0.33175,undefined,undefined,vapor
1810,12.75,15.203,0.065777,5205.2,6043.9,8.6573,2.3142,2.7925,1008,0.32947,undefined,undefined,vapor
1812.9,12.75,15.178,0.065883,5211.9,6051.9,8.6617,2.3154,2.7936,1008.8,0.32719,undefined,undefined,vapor
1815.8,12.75,15.154,0.065989,5218.6,6060,8.6662,2.3166,2.7947,1009.5,0.32493,undefined,undefined,vapor
1818.7,12.75,15.13,0.066095,5225.3,6068,8.6706,2.3177,2.7958,1010.3,0.32268,undefined,undefined,vapor
1821.6,12.75,15.105,0.066201,5232,6076.1,8.675,2.3189,2.7969,1011.1,0.32044,undefined,undefined,vapor
1824.4,12.75,15.081,0.066307,5238.7,6084.1,8.6794,2.3201,2.798,1011.8,0.31822,undefined,undefined,vapor
1827.3,12.75,15.057,0.066413,5245.4,6092.2,8.6839,2.3213,2.7991,1012.6,0.31601,undefined,undefined,vapor
1830.2,12.75,15.033,0.066519,5252.1,6100.2,8.6883,2.3225,2.8002,1013.3,0.31381,undefined,undefined,vapor
1833.1,12.75,15.009,0.066625,5258.8,6108.3,8.6927,2.3236,2.8013,1014.1,0.31162,undefined,undefined,vapor
1836,12.75,14.986,0.066731,5265.5,6116.4,8.6971,2.3248,2.8023,1014.8,0.30944,undefined,undefined,vapor
1838.8,12.75,14.962,0.066837,5272.3,6124.4,8.7014,2.326,2.8034,1015.6,0.30727,undefined,undefined,vapor
1841.7,12.75,14.938,0.066943,5279,6132.5,8.7058,2.3271,2.8045,1016.4,0.30512,undefined,undefined,vapor
1844.6,12.75,14.914,0.067049,5285.7,6140.6,8.7102,2.3283,2.8056,1017.1,0.30298,undefined,undefined,vapor
1847.5,12.75,14.891,0.067155,5292.4,6148.6,8.7146,2.3294,2.8067,1017.9,0.30085,undefined,undefined,vapor
1850.3,12.75,14.867,0.067261,5299.1,6156.7,8.719,2.3306,2.8077,1018.6,0.29873,undefined,undefined,vapor
1853.2,12.75,14.844,0.067367,5305.9,6164.8,8.7233,2.3318,2.8088,1019.4,0.29662,undefined,undefined,vapor
1856.1,12.75,14.821,0.067473,5312.6,6172.9,8.7277,2.3329,2.8099,1020.1,0.29453,undefined,undefined,vapor
1859,12.75,14.798,0.067579,5319.4,6181,8.732,2.334,2.811,1020.9,0.29244,undefined,undefined,vapor
1861.9,12.75,14.774,0.067684,5326.1,6189.1,8.7364,2.3352,2.812,1021.6,0.29037,undefined,undefined,vapor
1864.7,12.75,14.751,0.06779,5332.8,6197.2,8.7407,2.3363,2.8131,1022.4,0.2883,undefined,undefined,vapor
1867.6,12.75,14.728,0.067896,5339.6,6205.3,8.7451,2.3375,2.8142,1023.1,0.28625,undefined,undefined,vapor
1870.5,12.75,14.705,0.068002,5346.3,6213.4,8.7494,2.3386,2.8152,1023.9,0.28421,undefined,undefined,vapor
1873.4,12.75,14.683,0.068108,5353.1,6221.5,8.7537,2.3397,2.8163,1024.6,0.28218,undefined,undefined,vapor
1876.2,12.75,14.66,0.068214,5359.8,6229.6,8.7581,2.3409,2.8173,1025.4,0.28016,undefined,undefined,vapor
1879.1,12.75,14.637,0.06832,5366.6,6237.7,8.7624,2.342,2.8184,1026.1,0.27815,undefined,undefined,vapor
1882,12.75,14.614,0.068425,5373.4,6245.8,8.7667,2.3431,2.8194,1026.9,0.27615,undefined,undefined,vapor
1884.9,12.75,14.592,0.068531,5380.1,6253.9,8.771,2.3442,2.8205,1027.6,0.27416,undefined,undefined,vapor
1887.8,12.75,14.569,0.068637,5386.9,6262,8.7753,2.3454,2.8215,1028.4,0.27218,undefined,undefined,vapor
1890.6,12.75,14.547,0.068743,5393.7,6270.2,8.7796,2.3465,2.8226,1029.1,0.27022,undefined,undefined,vapor
1893.5,12.75,14.525,0.068849,5400.5,6278.3,8.7839,2.3476,2.8236,1029.9,0.26826,undefined,undefined,vapor
1896.4,12.75,14.502,0.068955,5407.2,6286.4,8.7882,2.3487,2.8247,1030.6,0.26631,undefined,undefined,vapor
1899.3,12.75,14.48,0.06906,5414,6294.5,8.7925,2.3498,2.8257,1031.4,0.26438,undefined,undefined,vapor
1902.1,12.75,14.458,0.069166,5420.8,6302.7,8.7968,2.3509,2.8267,1032.1,0.26245,undefined,undefined,vapor
1905,12.75,14.436,0.069272,5427.6,6310.8,8.801,2.352,2.8278,1032.9,0.26053,undefined,undefined,vapor
1907.9,12.75,14.414,0.069378,5434.4,6319,8.8053,2.3531,2.8288,1033.6,0.25863,undefined,undefined,vapor
1910.8,12.75,14.392,0.069483,5441.2,6327.1,8.8096,2.3542,2.8298,1034.3,0.25673,undefined,undefined,vapor
1913.7,12.75,14.37,0.069589,5448,6335.2,8.8138,2.3553,2.8309,1035.1,0.25484,undefined,undefined,vapor
1916.5,12.75,14.348,0.069695,5454.8,6343.4,8.8181,2.3564,2.8319,1035.8,0.25296,undefined,undefined,vapor
1919.4,12.75,14.327,0.069801,5461.6,6351.5,8.8223,2.3575,2.8329,1036.6,0.2511,undefined,undefined,vapor
1922.3,12.75,14.305,0.069906,5468.4,6359.7,8.8266,2.3586,2.8339,1037.3,0.24924,undefined,undefined,vapor
1925.2,12.75,14.283,0.070012,5475.2,6367.9,8.8308,2.3597,2.8349,1038,0.24739,undefined,undefined,vapor
1928,12.75,14.262,0.070118,5482,6376,8.835,2.3608,2.836,1038.8,0.24555,undefined,undefined,vapor
1930.9,12.75,14.24,0.070223,5488.8,6384.2,8.8393,2.3618,2.837,1039.5,0.24372,undefined,undefined,vapor
1933.8,12.75,14.219,0.070329,5495.6,6392.3,8.8435,2.3629,2.838,1040.3,0.2419,undefined,undefined,vapor
1936.7,12.75,14.198,0.070435,5502.5,6400.5,8.8477,2.364,2.839,1041,0.24009,undefined,undefined,vapor
1939.6,12.75,14.176,0.070541,5509.3,6408.7,8.8519,2.3651,2.84,1041.7,0.23829,undefined,undefined,vapor
1942.4,12.75,14.155,0.070646,5516.1,6416.9,8.8562,2.3661,2.841,1042.5,0.23649,undefined,undefined,vapor
1945.3,12.75,14.134,0.070752,5523,6425,8.8604,2.3672,2.842,1043.2,0.23471,undefined,undefined,vapor
1948.2,12.75,14.113,0.070858,5529.8,6433.2,8.8646,2.3683,2.843,1043.9,0.23294,undefined,undefined,vapor
1951.1,12.75,14.092,0.070963,5536.6,6441.4,8.8688,2.3693,2.844,1044.7,0.23117,undefined,undefined,vapor
1954,12.75,14.071,0.071069,5543.5,6449.6,8.873,2.3704,2.845,1045.4,0.22941,undefined,undefined,vapor
1956.8,12.75,14.05,0.071174,5550.3,6457.8,8.8771,2.3715,2.846,1046.1,0.22766,undefined,undefined,vapor
1959.7,12.75,14.029,0.07128,5557.2,6466,8.8813,2.3725,2.847,1046.9,0.22593,undefined,undefined,vapor
1962.6,12.75,14.008,0.071386,5564,6474.2,8.8855,2.3736,2.848,1047.6,0.22419,undefined,undefined,vapor
1965.5,12.75,13.988,0.071491,5570.9,6482.4,8.8897,2.3746,2.849,1048.3,0.22247,undefined,undefined,vapor
1968.3,12.75,13.967,0.071597,5577.7,6490.6,8.8938,2.3757,2.85,1049.1,0.22076,undefined,undefined,vapor
1971.2,12.75,13.946,0.071703,5584.6,6498.8,8.898,2.3767,2.8509,1049.8,0.21906,undefined,undefined,vapor
1974.1,12.75,13.926,0.071808,5591.4,6507,8.9022,2.3777,2.8519,1050.5,0.21736,undefined,undefined,vapor
1977,12.75,13.906,0.071914,5598.3,6515.2,8.9063,2.3788,2.8529,1051.3,0.21567,undefined,undefined,vapor
1979.9,12.75,13.885,0.072019,5605.2,6523.4,8.9105,2.3798,2.8539,1052,0.21399,undefined,undefined,vapor
1982.7,12.75,13.865,0.072125,5612,6531.6,8.9146,2.3809,2.8549,1052.7,0.21232,undefined,undefined,vapor
1985.6,12.75,13.845,0.072231,5618.9,6539.8,8.9188,2.3819,2.8558,1053.4,0.21066,undefined,undefined,vapor
1988.5,12.75,13.824,0.072336,5625.8,6548.1,8.9229,2.3829,2.8568,1054.2,0.209,undefined,undefined,vapor
1991.4,12.75,13.804,0.072442,5632.6,6556.3,8.927,2.3839,2.8578,1054.9,0.20736,undefined,undefined,vapor
1994.2,12.75,13.784,0.072547,5639.5,6564.5,8.9312,2.385,2.8587,1055.6,0.20572,undefined,undefined,vapor
1997.1,12.75,13.764,0.072653,5646.4,6572.7,8.9353,2.386,2.8597,1056.3,0.20409,undefined,undefined,vapor
2000,12.75,13.744,0.072758,5653.3,6581,8.9394,2.387,2.8607,1057.1,0.20247,undefined,undefined,vapor
